{
  "video_start_date" : 763495532.531689,
  "motion_start_date" : 763495532.527353
}