{
  "fiducials": [
    {
      "id": 0,
      "rotation_vector": [
        -1.5707963267948963,
        0,
        0
      ],
      "translation_vector": [
        0.149,
        0,
        0.214
      ]
    },
    {
      "id": 1,
      "rotation_vector": [
        -1.2091995761561447,
        1.209199576156145,
        -1.209199576156145
      ],
      "translation_vector": [
        0,
        0.145,
        0.214
      ]
    },
    {
      "id": 2,
      "rotation_vector": [
        -1.2091995761561447,
        1.209199576156145,
        -1.209199576156145
      ],
      "translation_vector": [
        0,
        0.426,
        0.214
      ]
    },
    {
      "id": 3,
      "rotation_vector": [
        -1.2091995761561447,
        1.209199576156145,
        -1.209199576156145
      ],
      "translation_vector": [
        0,
        0.701,
        0.219
      ]
    }
  ],
  "tag_size": 0.135,
  "tag_family": "tagStandard41h12"
}