{
    "projection_error": 0.17071666525806506,
    "camera_matrix": [
        [
            672.8074258124316,
            0.0,
            302.7209747143099
        ],
        [
            0.0,
            671.9716463256415,
            246.43218185944838
        ],
        [
            0.0,
            0.0,
            1.0
        ]
    ],
    "focal_length_fx": 672.8074258124316,
    "focal_length_fy": 671.9716463256415,
    "optical_center_cx": 302.7209747143099,
    "optical_center_cy": 246.43218185944838,
    "distortion_coefficients": [
        [
            0.10255417554081792,
            -1.0513391555450933,
            0.004778875504147786,
            -0.006321697133170053,
            2.408374516533927
        ]
    ],
    "rotation_vectors": [
        [
            [
                -0.020052541866167086
            ],
            [
                -3.114600632450936
            ],
            [
                -0.10451484104527266
            ]
        ],
        [
            [
                0.010682583827501414
            ],
            [
                -3.0300616136757026
            ],
            [
                0.020350414586433805
            ]
        ],
        [
            [
                0.013743332015497212
            ],
            [
                -3.0559983497594527
            ],
            [
                0.013859772237346633
            ]
        ],
        [
            [
                -0.04290938587861991
            ],
            [
                -2.823601023466413
            ],
            [
                0.024305509095008265
            ]
        ],
        [
            [
                0.03814066269208811
            ],
            [
                2.73864860254344
            ],
            [
                -0.05945585933016736
            ]
        ]
    ],
    "translation_vectors": [
        [
            [
                216.34061157794065
            ],
            [
                -196.91107038143983
            ],
            [
                824.7304196045433
            ]
        ],
        [
            [
                220.57088948722475
            ],
            [
                -210.50784146333527
            ],
            [
                854.8883418910718
            ]
        ],
        [
            [
                195.00535750173418
            ],
            [
                -205.15285837199784
            ],
            [
                902.2712647580723
            ]
        ],
        [
            [
                283.14991096249906
            ],
            [
                -214.4985235940219
            ],
            [
                775.5236979357393
            ]
        ],
        [
            [
                16.75425041462719
            ],
            [
                -204.86498813755
            ],
            [
                915.7146221862012
            ]
        ]
    ]
}