{
    "fiducials": [
      {
        "id": 0,
        "rotation_vector": [
          -1.2091995761561456,
          1.2091995761561452,
          -1.2091995761561458
        ],
        "translation_vector": [
          0,
          0.105,
          0.56
        ]
      }
    ],
    "tag_size": 0.080,
    "tag_family": "tagStandard41h12"
  }